x_m,z_m
0.0,0.0
0.016972053413252003,0.0
0.033944106826504006,0.0
0.05091616023975601,0.0
0.06788821365300801,0.0
0.08486026706626001,0.0
0.10183232047951202,0.0
0.118804373892764,0.0
0.13577642730601602,0.0
0.15274848071926803,0.0
0.16972053413252003,0.0
0.18669258754577203,0.0
0.20366464095902403,0.0
0.22063669437227604,0.0
0.237608747785528,0.0
0.25458080119878,0.0
0.27155285461203205,0.0
0.2885249080252841,0.0
0.30549696143853605,0.0
0.322469014851788,0.0
0.33944106826504006,0.0
0.3564131216782921,0.0
0.37338517509154406,0.0
0.39035722850479604,0.0
0.40732928191804807,0.0
0.4243013353313001,0.0
0.4412733887445521,0.0
0.45824544215780405,0.0
0.475217495571056,0.0
0.4921895489843081,0.0
0.50916160239756,0.0
0.5261336558108121,0.0
0.5431057092240641,0.0
0.5600777626373161,0.0
0.5770498160505682,0.0
0.5940218694638201,0.0
0.6109939228770721,0.0
0.6279659762903241,0.0
0.644938029703576,0.0
0.6619100831168281,0.0
0.6788821365300801,0.0
0.6958541899433321,0.0
0.7128262433565842,0.0
0.7297982967698361,0.0
0.7467703501830881,0.0
0.7637424035963402,0.0
0.7807144570095921,0.0
0.7976865104228441,0.0
0.8146585638360961,0.0
0.8316306172493482,0.0
0.8486026706626002,0.0
0.8655747240758521,0.0
0.8825467774891042,0.0
0.8995188309023562,0.0
0.9164908843156081,0.0
0.9334629377288601,0.0
0.950434991142112,0.0
0.9674070445553642,0.0
0.9843790979686162,0.0
1.0013511513818683,0.0
1.01832320479512,0.0
1.035295258208372,0.0
1.0522673116216241,0.0
1.0692393650348762,0.0
1.0862114184481282,0.0
1.1031834718613802,0.0
1.1201555252746322,0.0
1.1371275786878843,0.0
1.1540996321011363,0.0
1.1710716855143881,0.0
1.1880437389276401,0.0
1.2050157923408922,0.0
1.2219878457541442,0.0
1.2389598991673962,0.0
1.2559319525806483,0.0
1.2729040059939003,0.0
1.289876059407152,0.0
1.3068481128204041,0.0
1.3238201662336562,0.0
1.3407922196469082,0.0
1.3577642730601602,0.0
1.3747363264734123,0.0
1.3917083798866643,0.0
1.4086804332999163,0.0
1.4256524867131684,0.0
1.4426245401264202,0.0
1.4595965935396722,0.0
1.4765686469529242,0.0
1.4935407003661763,0.0
1.5105127537794283,0.0
1.5274848071926803,0.0
1.5444568606059323,0.0
1.5614289140191842,0.0
1.5784009674324362,0.0
1.5953730208456882,0.0
1.6123450742589402,0.0
1.6293171276721923,0.0
1.6462891810854443,0.0
1.6632612344986963,0.0
1.6802332879119484,0.0
1.6972053413252004,0.0
1.7141773947384522,0.0
1.7311494481517042,0.0
1.7481215015649563,0.0
1.7650935549782083,0.0
1.7820656083914603,0.0
1.7990376618047124,0.0
1.8160097152179642,0.0
1.8329817686312162,0.0
1.849953822044468,0.0
1.8669258754577203,0.0
1.8838979288709723,0.0
1.900869982284224,0.0
1.9178420356974764,0.0
1.9348140891107284,0.0
1.9517861425239802,0.0
1.9687581959372324,0.0
1.9857302493504845,0.0
2.0027023027637365,0.0
2.0196743561769885,0.0
2.03664640959024,0.0
2.053618463003492,0.0
2.070590516416744,0.0
2.087562569829996,0.0
2.1045346232432482,0.0
2.1215066766565003,0.0
2.1384787300697523,0.0
2.1554507834830043,0.0
2.1724228368962564,0.0
2.1893948903095084,0.0
2.2063669437227604,0.0
2.2233389971360125,0.0
2.2403110505492645,0.0
2.2572831039625165,0.0
2.2742551573757686,0.0
2.2912272107890206,0.0
2.3081992642022726,0.0
2.325171317615524,0.0
2.3421433710287762,0.0
2.3591154244420283,0.0
2.3760874778552803,0.0
2.3930595312685323,0.0
2.4100315846817844,0.0
2.4270036380950364,0.0
2.4439756915082884,0.0
2.4609477449215404,0.0
2.4779197983347925,0.0
2.4948918517480445,0.0
2.5118639051612965,0.0
2.5288359585745486,0.0
2.5458080119878006,0.0
2.5627800654010526,0.0
2.579752118814304,0.0
2.5967241722275562,0.0
2.6136962256408083,0.0
2.6306682790540603,0.0
2.6476403324673123,0.0
2.6646123858805644,0.0
2.6815844392938164,0.0
2.6985564927070684,0.0
2.7155285461203205,0.0
2.7325005995335725,0.0
2.7494726529468245,0.0
2.7664447063600766,0.0
2.7834167597733286,0.0
2.8003888131865806,0.0
2.8173608665998326,0.0
2.8343329200130847,0.0
2.8513049734263367,0.0
2.8682770268395883,0.0
2.8852490802528403,0.0
2.9022211336660924,0.0
2.9191931870793444,0.0
2.9361652404925964,0.0
2.9531372939058484,0.0
2.9701093473191005,0.0
2.9870814007323525,0.0
3.0040534541456045,0.0
3.0210255075588566,0.0
3.0379975609721086,0.0
3.0549696143853606,0.0
3.0719416677986127,0.0
3.0889137212118647,0.0
3.1058857746251167,0.0
3.1228578280383683,0.0
3.1398298814516203,0.0
3.1568019348648724,0.0
3.1737739882781244,0.0
3.1907460416913764,0.0
3.2077180951046285,0.0
3.2246901485178805,0.0
3.2416622019311325,0.0
3.2586342553443846,0.0
3.2756063087576366,0.0
3.2925783621708886,0.0
3.3095504155841406,0.0
3.3265224689973927,0.0
3.3434945224106447,0.0
3.3604665758238967,0.0
3.3774386292371488,0.0
3.394410682650401,0.0
3.4113827360636524,0.0
3.4283547894769044,0.0
3.4453268428901564,0.0
3.4622988963034085,0.0
3.4792709497166605,0.0
3.4962430031299125,0.0
3.5132150565431646,0.0
3.5301871099564166,0.0
3.5471591633696686,0.0
3.5641312167829207,0.0
3.5811032701961727,0.0
3.5980753236094247,0.0
3.6,-0.015047377022676481
3.6,-0.03201943043592837
3.6,-0.04899148384917908
3.6,-0.06596353726243104
3.6,-0.08293559067568214
3.6,-0.09990764408893477
3.6,-0.1168796975021884
3.6,-0.13385175091543816
3.6,-0.15082380432868805
3.6,-0.16779585774193792
3.6,-0.1847679111551898
3.6,-0.20173996456844553
3.6,-0.2187120179817003
3.6,-0.23568407139495437
3.6,-0.2526561248082089
3.6,-0.2696281782214639
3.6,-0.2866002316347167
3.6,-0.30357228504796596
3.6,-0.3205443384612199
3.6,-0.33751639187447235
3.6,-0.35448844528772455
3.6,-0.3714604987009775
3.6,-0.38843255211422933
3.6,-0.40540460552748103
3.6,-0.42237665894073284
3.6,-0.4393487123539921
3.6,-0.45632076576724206
3.6,-0.47329281918049687
3.6,-0.4902648725937565
3.6,-0.507236926007003
3.6,-0.524208979420255
3.6,-0.5411810328335095
3.6,-0.5581530862467681
3.6,-0.5751251396600215
3.6,-0.5920971930732752
3.6,-0.609069246486531
3.6,-0.6260412998997816
3.6,-0.6430133533130357
3.6,-0.6599854067262958
3.6,-0.6769574601395483
3.6,-0.6939295135528003
3.6,-0.7109015669660572
3.6,-0.7278736203793134
3.6,-0.7448456737925611
3.6,-0.7618177272058059
3.6,-0.7787897806190506
3.6,-0.7957618340322963
3.6,-0.8127338874455527
3.6,-0.8297059408587978
3.6,-0.8466779942720515
3.6,-0.8636500476853036
3.6,-0.8806221010985579
3.6,-0.897594154511802
3.6,-0.9145662079250477
3.6,-0.9315382613383015
3.6,-0.9485103147515561
3.6,-0.9654823681648095
3.6,-0.9824544215780641
3.6,-0.9994264749913161
3.6,-1.0163985284045698
3.6,-1.033370581817827
3.6,-1.0503426352310798
3.6,-1.067314688644332
3.6,-1.0842867420575844
3.6,-1.1012587954708408
3.5895680784107777,-1.1057985817665936
3.572853865609994,-1.1028514327183725
3.556139652809212,-1.0999042836701518
3.539425440008429,-1.0969571346219307
3.522711227207646,-1.0940099855737098
3.505997014406863,-1.0910628365254886
3.489282801606081,-1.0881156874772677
3.4725685888052973,-1.0851685384290466
3.455854376004515,-1.0822213893808257
3.439140163203732,-1.0792742403326048
3.4224259504029497,-1.0763270912843839
3.4057117376021675,-1.073379942236163
3.388997524801384,-1.0704327931879418
3.3722833120006013,-1.067485644139721
3.355569099199818,-1.0645384950914998
3.338854886399036,-1.0615913460432789
3.3221406735982524,-1.0586441969950577
3.30542646079747,-1.0556970479468368
3.288712247996687,-1.0527498988986157
3.2719980351959044,-1.0498027498503948
3.255283822395121,-1.0468556008021737
3.2385696095943386,-1.0439084517539527
3.2218553967935555,-1.0409613027057318
3.2051411839927733,-1.038014153657511
3.18842697119199,-1.03506700460929
3.1717127583912075,-1.032119855561069
3.1549985455904253,-1.0291727065128482
3.138284332789642,-1.026225557464627
3.1215701199888595,-1.023278408416406
3.1048559071880764,-1.020331259368185
3.088141694387294,-1.017384110319964
3.0714274815865106,-1.014436961271743
3.054713268785728,-1.0114898122235219
3.037999055984945,-1.008542663175301
3.0212848431841626,-1.00559551412708
3.0045706303833795,-1.002648365078859
2.987856429347415,-0.9997011493114413
2.971142258893178,-0.9967537601126741
2.954428088438942,-0.9938063709139071
2.937713917984705,-0.99085898171514
2.920999737395543,-0.9879116499923223
2.90428552459476,-0.9849645009441013
2.8875713117939776,-0.9820173518958804
2.8708570989931954,-0.9790702028476594
2.854142886192412,-0.9761230537994383
2.837428673391629,-0.9731759047512174
2.820714460590846,-0.9702287557029964
2.804000247790064,-0.9672816066547755
2.7872860349892803,-0.9643344576065543
2.770571822188498,-0.9613873085583333
2.753857609387715,-0.9584401595101123
2.7371433965869323,-0.9554930104618914
2.7204291837861487,-0.9525458614136703
2.7037149709853665,-0.9495987123654493
2.6870007581845834,-0.9466515633172283
2.670286545383801,-0.9437044142690074
2.653572332583018,-0.9407572652207864
2.6368581197822354,-0.9378101161725655
2.6201439069814523,-0.9348629671243445
2.60342969418067,-0.9319158180761236
2.5867154813798874,-0.9289686690279025
2.5700012685791043,-0.9260215199796815
2.553287055778322,-0.9230743709314606
2.5365728429775385,-0.9201272218832395
2.5198651064231723,-0.9171559030203705
2.5039165829206538,-0.9113511467677872
2.487968059418136,-0.9055463905152041
2.472019535915617,-0.8997416342626208
2.4560710124130996,-0.8939368780100377
2.440122488910581,-0.8881321217574544
2.424173965408063,-0.8823273655048712
2.4082254419055444,-0.8765226092522879
2.392276918403027,-0.8707178529997048
2.376328394900508,-0.8649130967471215
2.3603798757243215,-0.8591083286080792
2.344431384766339,-0.8533034829404137
2.3284828938083555,-0.8474986372727479
2.312534402850373,-0.8416937916050825
2.29658591189239,-0.8358889459374167
2.2806374209344074,-0.8300841002697513
2.264688929976424,-0.8242792546020855
2.2487404390184413,-0.8184744089344201
2.232791948060458,-0.8126695632667543
2.2168434571024753,-0.8068647175990888
2.2008949577677486,-0.8010598949462614
2.1849464342652305,-0.7952551386936784
2.168997910762712,-0.789450382441095
2.1530493872601943,-0.783645626188512
2.1371008637576754,-0.7778408699359286
2.1211523402551578,-0.7720361136833456
2.10520381675264,-0.7662313574307624
2.089255293250121,-0.7604266011781791
2.0733067697476035,-0.754621844925596
2.057358246245085,-0.7488170886730127
2.041409722742567,-0.7430123324204295
2.025461199240048,-0.7372075761678462
2.0095126757375303,-0.7314028199152631
1.9935641522350118,-0.7255980636626798
1.977615628732494,-0.7197933074100966
1.9616671052299752,-0.7139885511575133
1.9457185817274576,-0.7081837949049302
1.9297700582249389,-0.7023790386523469
1.913821534722421,-0.6965742823997637
1.8978730112199025,-0.6907695261471803
1.881924504196264,-0.684964724619397
1.8659760132382806,-0.6791598789517312
1.850027522280298,-0.6733550332840658
1.8340790313223154,-0.6675501876164004
1.8181305403643322,-0.6617453419487346
1.8021820494063496,-0.6559404962810692
1.7862335584483662,-0.6501356506134034
1.7702850674903836,-0.644330804945738
1.7543365765324004,-0.6385259592780722
1.7383880855744178,-0.6327211136104068
1.7224395740871428,-0.6269163243463204
1.706491050584625,-0.6211115680937374
1.6905425270821064,-0.615306811841154
1.6745940035795885,-0.6095020555885708
1.6586454800770698,-0.6036972993359875
1.6426969565745522,-0.5978925430834044
1.6267484330720334,-0.5920877868308211
1.6107999095695156,-0.586283030578238
1.594851386066997,-0.5804782743256547
1.5789028625644792,-0.5746735180730715
1.5629543390619614,-0.5688687618204885
1.5470058155594428,-0.5630640055679051
1.531057292056925,-0.5572592493153221
1.5151087685544062,-0.5514544930627387
1.4991602450518886,-0.5456497368101556
1.4832117215493699,-0.5398449805575722
1.467263198046852,-0.5340402243049892
1.4513146745443335,-0.5282354680524058
1.4353661510418156,-0.5224307117998228
1.4194176275392971,-0.5166259555472394
1.4034691040367793,-0.5108211992946563
1.3875205805342605,-0.5050164430420729
1.3715720570317427,-0.4992116867894899
1.3556235335292242,-0.49340693053690654
1.3396750100267063,-0.48760217428432345
1.3237264865241885,-0.48179741803174037
1.30777796302167,-0.475992661779157
1.291829439519152,-0.4701879055265739
1.2758809160166336,-0.46438314927399055
1.2599323926520754,-0.45857839264236744
1.243983901694092,-0.4527735469747017
1.2280354107361093,-0.44696870130703625
1.212086919778126,-0.4411638556393705
1.1961384288201435,-0.43535900997170507
1.18018993786216,-0.4295541643040393
1.1642414469041777,-0.4237493186363739
1.1482929559461943,-0.4179444729687081
1.1323444649882117,-0.4121396273010427
1.1163959740302283,-0.40633478163337694
1.1004474788838738,-0.40052994747313053
1.084498955381356,-0.3947251912205475
1.0685504318788372,-0.38892043496796413
1.0526019083763196,-0.38311567871538105
1.0366533848738009,-0.3773109224627977
1.020704861371283,-0.37150616621021465
1.0047563378687645,-0.36570140995763123
0.9888078143662467,-0.3598966537050482
0.972859290863728,-0.35409189745246483
0.9569107673612103,-0.34828714119988174
0.9409622438586914,-0.3424823849472983
0.9250137203561737,-0.3366776286947153
0.909065196853655,-0.3308728724421319
0.8931166733511372,-0.32506811618954884
0.8771681498486186,-0.3192633599369655
0.8612196263461008,-0.3134586036843824
0.8452711028435821,-0.307653847431799
0.8293225793410643,-0.301849091179216
0.8133740558385465,-0.2960443349266329
0.797425532336028,-0.29023957867404954
0.7814770211240176,-0.2844347886536853
0.7655285301660343,-0.27862994298601956
0.7495800392080517,-0.27282509731835414
0.7336315482500684,-0.2670202516506884
0.7176830572920858,-0.26121540598302295
0.7017345663341025,-0.2554105603153572
0.6857860753761199,-0.24960571464769177
0.6698375844181366,-0.243800868980026
0.653889093460154,-0.23799602331236058
0.6379406025021707,-0.23219117764469482
0.6219920952032683,-0.22638637687318955
0.6060435717007496,-0.22058162062060618
0.5900950481982319,-0.21477686436802312
0.5741465246957131,-0.20897210811543973
0.5581980011931954,-0.20316735186285667
0.5422494776906776,-0.1973625956102736
0.5263009541881589,-0.19155783935769025
0.5103524306856412,-0.1857530831051072
0.49440390718312255,-0.1799483268525238
0.4784553836806047,-0.17414357059994073
0.462506860178086,-0.16833881434735734
0.4465583366755674,-0.16253405809477395
0.4306098131730496,-0.1567293018421909
0.4146612896705318,-0.15092454558960783
0.398712766168014,-0.14511978933702477
0.38276424266549447,-0.1393150330844411
0.3668157191629767,-0.13351027683185804
0.3508671956604589,-0.12770552057927498
0.3349186721579411,-0.12190076432669189
0.3189701486554233,-0.11609600807410883
0.3030216495959591,-0.11029118466500287
0.2870731586379766,-0.10448633899733745
0.27112466767999405,-0.098681493329672
0.25517617672201154,-0.09287664766200657
0.2392276857640273,-0.08707180199434052
0.2232791948060448,-0.08126695632667508
0.20733070384806226,-0.07546211065900964
0.19138221289007973,-0.0696572649913442
0.17543372193209553,-0.06385241932367815
0.15948523097411302,-0.058047573656012715
0.14353671152266279,-0.05224280627324853
0.127588188020145,-0.046438050020665464
0.11163966451762551,-0.040633293768081793
0.0956911410151077,-0.03482853751549873
0.0797426175125899,-0.02902378126291566
0.06379409401007212,-0.0232190250103326
0.04784557050755431,-0.017414268757749526
0.031897047005034845,-0.011609512505165856
0.015948523502517048,-0.005804756252582789
